gid,cid
144,381
144,397
144,318
144,375
144,328
144,368
144,319
144,358
144,323
144,326
144,363
144,371
144,333
144,342
144,351
144,330
144,338
144,336
144,357
144,340
197,319
197,368
197,375
197,318
197,365
197,326
197,323
197,358
197,380
197,350
197,333
197,342
197,336
197,377
197,355
217,371
217,333
217,355
217,324
221,381
221,409
221,350
221,379
221,351
221,377
221,355
221,324
222,358
222,323
222,350
222,376
222,330
222,338
222,336
222,324
214,409
214,326
214,358
214,350
214,376
214,351
214,367
214,377
214,378
214,324
216,376
216,384
216,377
216,336
216,324
219,371
219,354
219,330
219,321
31,380
31,326
31,358
31,363
31,350
31,398
31,377
31,330
31,378
31,324
24,326
24,363
24,350
24,366
24,351
24,330
24,324
215,381
215,368
215,358
215,326
215,323
215,371
215,376
215,342
215,321
215,330
215,377
215,367
215,336
215,355
215,324
30,375
30,380
30,358
30,323
30,326
30,350
30,376
30,361
30,336
30,378
30,367
30,377
30,324
220,326
220,323
220,358
220,382
220,376
220,351
220,367
220,330
220,378
220,336
220,324
222,319
222,409
25,368
25,397
25,358
25,323
25,380
25,363
25,326
25,393
25,354
25,351
25,342
25,330
25,321
25,367
25,357
25,324
25,340
27,319
27,358
27,326
27,371
27,398
27,342
27,330
27,321
27,336
27,324
26,409
26,358
26,326
26,363
26,382
26,398
26,351
26,342
26,321
26,330
26,377
26,367
26,336
26,340
26,324
28,409
28,323
28,326
28,350
28,376
28,351
28,321
28,330
28,340
28,324
29,323
29,358
29,363
29,350
29,376
29,342
29,366
29,330
29,377
29,324
29,340
34,409
34,363
34,366
34,351
34,330
34,340
34,324
145,381
145,397
145,318
145,375
145,328
145,319
145,368
145,358
145,323
145,326
145,371
145,398
145,351
145,330
145,336
146,381
146,397
146,318
146,375
146,328
146,380
146,358
146,323
146,326
146,350
146,379
146,342
146,321
146,330
146,324
147,381
147,318
147,375
147,328
147,368
147,358
147,323
147,371
147,333
147,342
147,361
147,351
147,321
147,330
147,377
147,338
147,364
147,336
147,324
112,375
112,319
112,358
112,323
112,350
112,376
112,351
112,338
112,377
112,336
111,380
111,323
111,350
111,376
111,342
111,377
113,358
113,323
113,326
113,350
113,376
113,377
113,336
113,355
114,358
114,323
114,393
114,361
114,366
114,330
114,336
114,324
115,319
115,318
115,380
115,323
115,350
115,376
115,366
115,338
115,336
117,318
117,328
117,323
117,326
117,350
117,333
117,342
117,336
117,377
149,375
149,409
149,358
149,323
149,382
149,376
149,384
149,366
149,321
149,330
149,324
149,357
148,381
148,318
148,375
148,368
148,380
148,358
148,323
148,326
148,371
148,354
148,317
148,342
148,330
148,324
218,409
218,380
218,358
218,323
218,326
218,393
218,398
218,342
218,321
218,330
218,336
218,340
218,324
32,409
32,397
32,380
32,358
32,363
32,393
32,398
32,342
32,336
32,324
65,371
65,376
65,366
65,321
65,330
97,409
97,323
97,358
97,363
97,371
97,376
97,342
97,330
97,324
97,357
119,375
119,409
119,358
119,363
119,350
119,376
119,342
119,321
119,377
119,367
119,340
119,324
68,323
68,358
68,326
68,350
68,398
68,342
68,321
68,330
68,355
195,363
195,350
195,398
195,366
195,330
195,324
66,393
66,376
66,321
66,330
66,324
191,318
191,323
191,358
191,376
191,377
191,336
67,409
67,363
67,382
67,333
67,342
67,330
67,340
198,371
198,333
198,377
198,338
198,378
198,336
84,363
84,393
84,398
84,384
84,351
84,321
84,330
84,324
199,358
199,393
199,376
199,355
169,328
169,381
169,350
169,376
169,330
169,336
169,340
169,324
203,371
203,379
203,377
203,330
203,367
203,338
203,336
190,409
190,326
190,350
190,354
190,377
190,338
190,330
206,380
206,358
206,371
206,398
206,366
206,330
206,321
206,377
206,334
206,336
206,338
64,409
64,363
64,350
64,398
64,321
64,330
78,363
78,350
78,376
78,366
78,330
78,340
207,380
207,358
207,393
207,354
207,338
207,378
207,336
207,377
79,382
79,330
79,340
73,363
73,380
73,393
73,376
73,342
73,321
73,330
189,323
189,358
189,384
189,330
189,377
189,338
189,336
92,409
92,350
92,376
92,330
92,378
92,321
86,319
86,409
86,350
86,342
86,321
86,330
86,367
86,338
86,324
192,323
192,350
192,376
192,366
192,361
192,336
192,330
202,358
202,363
202,371
202,351
202,321
202,338
202,324
210,326
210,363
210,371
210,376
210,378
210,336
210,355
69,363
69,393
69,321
69,330
185,326
185,363
185,393
185,376
185,384
185,330
185,336
186,375
186,409
186,358
186,393
186,379
186,342
186,330
186,377
187,399
187,376
187,342
187,330
187,338
187,395
193,409
193,358
193,323
193,350
193,398
193,366
193,330
193,377
104,375
104,368
104,358
104,376
104,394
106,318
106,375
106,358
106,323
106,350
106,330
106,377
106,367
106,355
194,381
194,318
194,375
194,358
194,350
194,376
194,330
194,377
194,338
212,323
212,371
212,376
212,342
212,330
212,377
212,367
212,336
212,378
212,340
212,324
170,375
170,365
170,319
170,409
170,371
170,379
170,366
170,330
170,336
170,324
201,375
201,319
201,358
201,323
201,326
201,350
201,376
201,334
201,378
201,336
201,338
201,377
201,355
201,324
83,380
83,323
83,350
83,376
83,361
83,360
83,321
83,330
83,377
174,381
174,397
174,318
174,375
174,328
174,319
174,409
174,323
174,371
174,333
174,321
174,330
174,377
174,367
174,336
174,364
174,340
174,324
116,342
116,330
116,321
116,377
116,336
116,324
184,381
184,319
184,380
184,358
184,393
184,398
184,342
184,336
184,378
184,334
175,381
175,397
175,318
175,375
175,328
175,365
175,319
175,368
175,409
175,358
175,323
175,393
175,376
175,342
175,330
175,336
175,340
175,324
164,381
164,375
164,328
164,409
164,380
164,358
164,393
164,376
164,342
164,330
164,324
164,340
176,318
176,375
176,365
176,319
176,380
176,323
176,358
176,350
176,333
176,366
176,330
176,324
150,381
150,397
150,318
150,375
150,328
150,365
150,319
150,368
150,380
150,358
150,323
150,326
150,382
150,379
150,342
150,396
150,361
150,330
150,340
196,368
196,393
196,398
196,342
196,361
196,330
196,321
196,340
177,381
177,318
177,365
177,358
177,323
177,326
177,363
177,376
177,351
177,330
177,336
177,324
163,318
163,375
163,409
163,358
163,376
163,330
163,364
163,338
163,324
200,380
200,358
200,323
200,326
200,363
200,393
200,398
200,366
200,330
200,377
200,338
200,355
200,324
178,397
178,381
178,409
178,350
178,379
178,366
178,330
178,336
178,340
178,324
88,384
88,342
88,321
88,330
88,324
87,380
87,363
87,393
87,376
87,342
87,330
87,321
87,367
162,381
162,375
162,318
162,376
162,384
162,321
162,377
162,367
162,338
162,324
209,318
209,319
209,371
209,398
209,321
209,377
209,336
209,378
209,334
209,338
161,358
161,350
161,376
161,384
161,321
161,330
161,377
161,367
161,338
161,324
172,318
172,375
172,328
172,365
172,319
172,381
172,397
172,358
172,323
172,398
172,384
172,330
172,336
172,324
173,381
173,397
173,318
173,375
173,319
173,409
173,326
173,358
173,350
173,333
173,336
173,330
173,324
171,381
171,397
171,375
171,319
171,326
171,371
171,376
171,330
171,336
171,324
33,319
33,409
33,358
33,326
33,363
33,371
33,333
33,351
33,342
33,321
33,330
33,336
33,324
33,355
35,326
35,358
35,350
35,376
35,351
35,342
35,330
35,324
35,355
37,358
37,323
37,363
37,350
37,398
37,342
37,330
37,324
160,318
160,328
160,319
160,323
160,358
160,326
160,393
160,379
160,366
160,330
160,340
160,324
91,409
91,326
91,363
91,350
91,398
91,384
91,321
91,330
91,377
91,367
205,409
205,358
205,380
205,323
205,382
205,376
205,366
205,367
205,336
205,340
205,357
204,409
204,350
204,398
204,342
204,330
204,377
204,394
204,340
188,351
188,338
188,336
188,355
188,340
38,358
38,363
38,371
38,376
38,366
38,351
38,330
38,324
70,358
70,323
70,393
70,333
70,317
70,366
70,351
70,330
70,340
70,324
95,393
95,376
95,330
36,365
36,368
36,409
36,358
36,323
36,326
36,363
36,393
36,354
36,342
36,351
36,330
36,394
36,324
36,340
159,358
159,380
159,326
159,393
159,333
159,330
159,377
159,355
159,324
77,409
77,363
77,393
77,398
71,363
71,371
71,376
71,321
71,330
71,367
71,364
158,381
158,318
158,397
158,380
158,358
158,323
158,350
158,376
158,330
158,324
152,381
152,397
152,318
152,375
152,328
152,365
152,319
152,368
152,409
152,380
152,358
152,323
152,326
152,371
152,354
152,342
152,351
152,330
152,336
152,340
152,324
154,381
154,397
154,318
154,375
154,328
154,368
154,380
154,358
154,323
154,326
154,382
154,379
154,330
154,377
154,367
154,324
151,318
151,409
151,358
151,323
151,342
151,330
151,357
153,381
153,397
153,318
153,375
153,328
153,365
153,319
153,368
153,380
153,358
153,323
153,326
153,363
153,385
153,333
153,342
153,351
153,330
153,324
157,318
157,368
157,319
157,358
157,323
157,393
157,354
157,366
157,330
157,336
157,355
157,324
157,340
156,358
156,323
156,326
156,393
156,398
156,342
156,330
156,336
156,355
156,324
155,381
155,318
155,375
155,365
155,368
155,380
155,358
155,323
155,326
155,398
155,330
155,336
155,355
155,324
94,363
94,393
94,366
94,342
94,330
94,340
82,409
82,380
82,363
82,393
82,398
82,321
82,330
81,409
81,363
81,350
81,398
81,321
81,330
90,409
90,380
90,363
90,350
90,333
90,342
90,330
85,380
85,363
85,371
85,333
85,321
85,330
93,380
93,393
93,376
93,317
93,321
93,330
93,367
89,409
89,350
89,376
89,342
89,367
89,321
105,381
105,375
105,409
105,326
105,399
105,350
105,377
105,395
105,324
41,375
41,318
41,319
41,368
41,326
41,358
41,382
41,398
41,342
41,377
41,336
41,324
42,397
42,381
42,342
42,361
42,351
42,330
42,324
72,409
72,380
72,363
72,350
72,398
72,366
72,330
72,340
80,409
80,380
80,363
80,393
80,398
80,317
80,384
80,342
80,330
80,340
217,330
223,319
223,368
223,397
223,381
223,358
223,323
223,326
223,363
223,393
223,377
223,336
223,324
223,355
223,340
223,357
213,319
213,358
213,326
213,363
213,393
213,376
213,377
213,336
213,340
213,324
211,409
211,380
211,323
211,326
211,371
211,376
211,330
211,355
127,397
127,318
127,365
127,375
127,368
127,319
127,358
127,363
127,323
127,385
127,376
127,384
127,361
127,396
127,377
127,364
127,367
127,338
127,324
110,363
110,326
110,350
110,342
110,361
110,351
110,321
110,330
110,324
108,409
108,358
108,323
108,363
108,393
108,333
108,321
108,330
108,334
108,355
108,324
128,397
128,375
128,319
128,409
128,358
128,323
128,326
128,363
128,382
128,333
128,384
128,351
128,366
128,330
128,336
128,324
107,375
107,365
107,319
107,368
107,358
107,380
107,326
107,323
107,363
107,371
107,376
107,361
107,336
107,377
107,324
122,398
122,342
122,384
122,351
122,361
122,377
122,336
122,324
126,365
126,368
126,319
126,358
126,323
126,363
126,371
126,376
126,366
126,330
126,377
126,378
126,321
126,336
126,324
123,397
123,318
123,375
123,368
123,319
123,358
123,326
123,363
123,371
123,376
123,364
123,334
123,336
123,378
123,324
39,380
39,358
39,326
39,350
39,376
39,342
39,336
39,324
40,381
40,318
40,375
40,380
40,326
40,363
40,398
40,336
40,324
40,357
208,358
208,393
208,321
208,330
208,377
451,325
451,405
451,383
451,402
457,386
457,344
457,383
457,402
478,329
478,332
478,386
478,404
478,337
478,359
478,407
478,401
479,372
479,329
479,332
479,386
479,356
479,405
479,408
479,383
479,374
479,402
479,359
479,407
479,346
479,369
485,410
485,372
485,329
485,332
485,411
485,386
485,353
485,405
485,331
485,359
485,369
486,341
486,372
486,329
486,332
486,390
486,386
486,344
486,402
486,373
486,369
484,332
484,411
484,390
484,386
484,353
484,331
484,402
484,359
484,407
484,369
483,372
483,329
483,332
483,411
483,390
483,386
483,356
483,322
483,374
483,402
483,369
482,389
482,410
482,372
482,329
482,332
482,387
482,405
482,383
482,374
482,402
482,373
482,369
481,347
481,332
481,353
481,344
481,402
694,389
481,369
480,411
480,386
480,353
480,405
480,349
480,359
480,373
480,369
487,372
487,329
487,332
487,411
487,386
487,404
487,405
487,359
487,369
371,372
371,329
371,332
371,411
371,386
371,349
371,331
371,359
371,407
371,343
371,369
354,404
354,388
354,383
354,374
354,402
354,359
354,407
354,369
352,372
352,329
352,347
352,332
352,411
352,386
352,387
352,344
352,374
352,402
352,359
352,407
352,403
352,346
352,369
351,332
351,411
351,386
351,356
351,405
351,388
351,349
351,374
351,402
351,359
351,373
351,369
366,392
366,383
366,331
366,359
366,373
366,370
366,369
370,332
370,411
370,386
370,387
370,405
370,383
370,374
370,402
370,359
370,369
373,389
373,372
373,339
373,329
373,332
373,411
373,387
373,337
373,383
373,331
373,402
373,359
373,369
476,362
476,345
476,372
476,329
476,347
476,332
476,390
476,386
476,387
476,405
476,408
476,383
476,402
476,359
476,373
476,401
254,410
254,362
254,345
254,372
254,329
254,332
254,390
254,386
254,387
254,337
254,388
254,383
254,331
254,374
254,402
254,359
254,407
254,369
248,410
248,372
248,329
248,353
248,388
248,383
248,402
248,369
252,332
252,411
252,390
252,353
252,405
252,383
252,331
252,374
252,402
252,346
252,369
253,332
253,411
253,386
253,387
253,405
253,383
253,331
253,402
253,359
253,407
253,370
253,369
258,410
258,372
258,329
258,390
258,388
258,374
258,402
258,370
258,369
469,329
469,347
469,332
469,390
469,404
469,344
469,331
469,407
469,369
469,400
475,372
475,329
475,347
475,332
475,411
475,390
475,356
475,405
475,402
475,346
260,362
260,345
260,372
260,339
260,329
260,347
260,332
260,411
260,390
260,386
260,387
260,405
260,388
260,383
260,331
260,402
260,343
260,370
260,369
262,332
262,411
262,390
262,386
262,387
262,405
262,383
262,331
262,402
262,369
261,332
261,411
261,404
261,405
261,383
261,331
261,402
261,369
251,389
251,352
251,372
251,329
251,332
251,411
251,390
251,386
251,387
251,405
251,383
251,331
251,374
251,402
251,369
449,404
449,405
449,383
449,402
259,389
259,341
259,372
259,329
259,332
259,404
259,405
259,383
259,331
259,374
259,402
259,359
259,407
259,316
259,369
249,332
249,411
249,386
249,387
249,405
249,383
249,331
249,374
249,402
249,369
249,400
450,372
450,390
450,404
450,322
450,383
450,402
450,359
257,341
257,410
257,372
257,339
257,329
257,332
257,411
257,390
257,325
257,404
257,337
257,383
257,349
257,331
257,374
257,402
257,369
250,332
250,411
250,390
250,386
250,404
250,344
250,383
250,331
250,374
250,402
250,373
250,369
265,332
265,411
265,390
265,386
265,387
265,405
265,383
265,331
265,359
265,407
265,373
265,369
255,347
255,332
255,411
255,386
255,387
255,405
255,374
255,402
255,359
255,407
255,373
255,369
477,332
477,411
477,386
477,404
477,405
477,359
477,373
477,401
477,369
452,390
452,383
452,402
452,316
452,373
709,389
452,370
452,369
454,372
454,329
454,353
454,322
454,331
454,402
454,359
454,316
453,332
453,388
453,331
453,402
453,359
453,316
448,347
448,332
448,390
448,353
448,405
448,331
448,373
448,401
448,403
456,411
456,386
456,353
456,337
456,408
456,383
456,402
456,373
456,370
456,369
467,372
467,329
467,347
467,332
467,390
467,404
467,405
467,359
467,316
467,373
467,370
363,347
363,332
363,386
363,353
363,322
363,383
363,374
363,359
363,407
363,373
363,370
464,341
464,347
464,332
464,411
464,390
464,387
464,344
464,331
464,402
464,359
464,346
465,362
465,372
465,339
465,347
465,411
465,353
465,405
465,402
465,359
465,316
465,373
465,346
455,389
455,341
455,410
455,362
455,372
455,347
455,332
455,411
455,344
455,359
455,373
361,410
361,352
361,372
361,411
361,390
361,353
361,392
361,359
361,373
460,339
460,347
460,332
460,353
460,405
460,383
460,349
460,374
460,402
460,369
462,362
462,332
462,359
462,316
462,401
462,369
358,389
358,372
358,347
358,390
358,356
358,369
359,410
359,352
359,372
359,329
359,332
359,411
359,390
359,387
359,405
359,383
359,316
359,373
355,411
355,404
355,405
355,383
355,359
355,369
357,389
357,362
357,372
357,329
357,411
357,353
357,405
357,359
357,373
357,346
471,329
471,347
471,332
471,386
471,353
471,322
471,316
471,401
471,369
459,347
459,332
459,411
459,390
459,353
459,405
459,383
459,402
459,370
473,390
473,404
473,337
473,359
473,407
473,316
473,373
473,401
360,402
360,359
360,373
470,347
470,332
470,411
470,390
470,356
470,344
470,383
470,402
470,359
470,403
470,369
466,389
466,372
466,339
466,347
466,332
466,411
466,390
466,404
466,405
466,331
466,374
466,316
466,403
400,389
400,410
400,362
400,352
400,372
400,329
400,347
400,332
400,390
400,386
400,404
400,322
400,383
400,331
400,374
400,402
400,373
400,370
400,369
458,389
458,341
458,362
458,352
458,345
458,372
458,339
458,347
458,332
458,411
458,390
458,356
458,405
458,374
458,402
458,316
458,403
458,335
458,327
458,369
401,389
401,341
401,410
401,362
401,352
401,345
401,372
401,339
401,329
401,332
401,411
401,390
401,404
401,383
401,349
401,374
401,402
401,359
401,316
401,343
401,373
401,370
401,369
433,389
433,341
433,410
433,362
433,352
433,372
433,339
433,329
433,332
433,411
433,390
433,386
433,353
433,344
433,383
433,402
433,346
433,369
463,362
463,372
463,347
463,411
463,390
463,387
463,405
463,402
463,359
463,373
463,346
434,389
434,341
434,410
434,362
434,352
434,372
434,339
434,329
434,332
434,411
434,386
434,387
434,322
434,331
434,402
434,370
434,369
399,389
399,341
399,410
399,362
399,352
399,372
399,339
399,329
399,332
399,411
399,390
399,386
399,356
399,405
399,383
399,331
399,402
399,373
399,370
399,369
468,362
468,329
468,347
468,406
468,402
468,316
468,335
468,370
350,410
350,362
350,372
350,332
350,411
350,383
350,402
350,407
350,316
348,386
348,344
348,335
349,332
349,390
349,325
349,353
349,359
349,315
398,389
398,341
398,410
398,362
398,352
398,345
398,372
398,339
398,329
398,347
398,332
398,411
398,390
398,386
398,406
398,344
398,383
398,331
398,402
398,316
398,373
398,370
398,369
398,400
404,389
404,341
404,410
404,362
404,352
404,345
404,372
404,339
404,329
404,332
404,411
404,390
404,386
404,387
404,322
404,383
404,349
404,331
404,402
404,369
256,347
256,332
256,390
256,386
256,404
256,405
256,388
256,331
256,373
256,369
356,341
356,372
356,339
356,411
356,390
356,353
356,405
356,383
356,359
356,316
356,373
268,389
268,341
268,372
268,329
268,332
268,390
268,356
268,383
268,349
268,401
268,369
402,389
402,341
402,410
402,362
402,352
402,339
402,329
402,347
402,332
402,411
402,390
402,386
402,353
402,322
402,383
402,402
402,370
402,369
403,362
403,372
403,329
403,411
403,406
403,344
403,383
403,402
403,370
403,369
403,400
405,389
405,410
405,372
405,332
405,411
405,353
405,383
405,402
405,370
405,369
405,400
406,389
406,341
406,410
406,362
406,352
406,345
406,372
406,339
406,329
406,347
406,332
406,411
406,390
406,386
406,406
406,322
406,383
406,374
406,402
406,370
406,369
407,389
407,341
407,410
407,362
407,352
407,345
407,372
407,339
407,329
407,347
407,332
407,411
407,390
407,386
407,406
407,322
407,383
407,402
407,369
408,389
408,341
408,410
408,362
408,352
408,345
408,372
408,339
408,329
408,347
408,332
408,411
408,390
408,386
408,406
408,322
408,331
408,402
408,370
408,369
461,389
461,410
461,362
461,345
461,372
461,347
461,332
461,411
461,390
461,404
461,344
461,383
461,359
461,373
461,346
461,369
409,389
409,410
409,339
409,332
409,390
409,353
409,344
409,408
409,331
409,402
409,373
409,346
410,410
410,339
410,347
410,332
410,386
410,356
410,337
410,408
410,331
410,402
410,346
411,362
411,372
411,339
411,347
411,332
411,390
411,386
411,356
411,337
411,388
411,408
411,383
411,402
411,346
412,410
412,339
412,329
412,332
412,386
412,353
412,405
412,388
412,383
412,331
412,374
412,402
412,316
412,373
413,410
413,339
413,347
413,332
413,386
413,353
413,337
413,374
413,402
413,359
413,346
414,410
414,339
414,329
414,332
414,411
414,387
414,322
414,408
414,331
414,402
414,346
414,370
415,347
415,332
415,386
415,353
415,344
415,349
415,374
415,402
415,359
415,316
416,410
416,339
416,332
416,390
416,404
416,405
416,388
416,331
416,374
416,359
416,407
416,316
416,373
417,347
417,332
417,390
417,386
417,404
417,392
417,388
417,359
417,343
417,403
418,410
418,339
418,347
418,332
418,411
418,390
418,353
418,405
418,388
418,408
418,383
418,374
418,402
418,407
472,404
472,405
472,402
472,359
266,347
266,332
266,411
266,390
266,386
266,387
266,405
266,383
266,374
266,402
266,359
266,407
266,373
266,369
267,362
267,345
267,372
267,339
267,332
267,390
267,386
267,387
267,405
267,408
267,402
267,373
267,369
263,410
263,352
263,345
263,329
263,347
263,332
263,390
263,386
263,353
263,337
263,373
263,369
264,389
264,410
264,339
264,329
264,347
264,332
264,390
264,386
264,404
264,405
264,373
264,369
488,332
488,411
488,390
488,386
488,404
488,344
488,401
488,369
489,332
489,411
489,386
489,404
489,344
489,369
490,347
490,332
490,353
490,405
490,383
490,374
490,401
491,347
491,390
491,386
491,404
491,405
491,374
491,401
491,369
353,362
353,345
353,372
353,329
353,332
353,411
353,390
353,386
353,353
353,405
353,383
353,331
353,374
353,402
353,401
353,369
362,341
362,372
362,339
362,332
362,390
362,386
362,353
362,405
362,383
362,331
362,374
362,402
362,373
362,401
362,369
364,345
364,372
364,329
364,347
364,332
364,411
364,390
364,386
364,404
364,344
364,373
364,401
364,369
365,345
365,372
365,329
365,347
365,332
365,411
365,390
365,386
365,404
365,344
365,373
365,401
365,369
427,389
427,410
427,362
427,352
427,329
427,332
427,411
427,390
427,386
427,404
427,392
427,402
427,373
426,389
426,341
426,410
426,362
426,352
426,372
426,329
426,347
426,332
426,411
426,390
426,386
426,404
426,344
426,388
426,331
426,402
426,373
425,389
425,362
425,329
425,332
425,411
425,390
425,386
425,387
425,344
425,388
425,383
425,402
425,373
425,370
425,369
428,389
428,362
428,329
428,347
428,332
428,411
428,390
428,386
428,404
428,337
428,331
428,402
428,343
428,373
428,370
428,369
429,389
429,362
429,372
429,332
429,411
429,386
429,353
429,405
429,383
429,402
429,373
429,370
429,369
429,400
430,389
430,362
430,372
430,329
430,347
430,332
430,411
430,386
430,322
430,402
430,373
430,369
424,362
424,372
424,329
424,386
424,353
424,405
424,412
424,383
424,373
424,369
431,389
431,362
431,345
431,329
431,347
431,332
431,411
431,390
431,386
431,353
431,344
431,408
431,383
431,402
431,373
431,370
431,369
432,329
432,347
432,332
432,411
432,390
432,386
432,404
432,322
432,383
432,402
432,369
423,389
423,362
423,329
423,332
423,390
423,387
423,344
423,388
423,408
423,402
423,373
423,370
423,369
308,329
308,332
308,322
298,329
298,347
298,386
298,356
298,344
298,412
298,408
298,374
298,402
298,403
298,369
299,386
299,404
299,405
299,408
299,383
299,374
299,402
299,369
300,386
300,404
300,405
300,412
300,408
300,383
300,374
300,402
300,370
300,369
301,329
301,347
301,386
301,387
301,337
301,412
301,408
301,383
301,402
301,370
301,369
302,329
302,347
302,332
302,411
302,390
302,387
302,344
302,408
302,383
302,374
302,402
302,346
302,369
303,329
303,386
303,404
303,344
303,412
303,408
303,383
303,374
303,402
303,369
304,329
304,386
304,353
304,344
304,383
304,374
304,402
304,370
304,369
305,386
305,387
305,405
305,374
305,402
305,407
305,343
306,329
306,386
306,405
306,374
306,402
306,369
307,329
307,347
307,386
307,404
307,405
307,408
307,383
307,374
307,402
307,369
309,347
309,386
309,392
310,332
310,411
310,386
310,353
310,412
310,408
310,383
310,370
311,408
311,383
311,402
311,370
312,329
312,347
312,386
312,353
312,405
312,412
312,408
312,383
312,374
312,402
312,370
313,404
313,412
313,408
313,383
313,374
313,402
313,370
314,329
314,347
314,386
314,404
314,405
314,408
314,383
314,374
314,402
314,369
315,347
315,386
315,353
315,405
315,374
315,402
315,369
316,353
316,374
316,402
316,370
317,347
317,386
317,404
317,405
317,349
317,374
317,402
317,359
317,373
317,369
318,329
318,386
318,404
318,344
318,408
318,383
318,349
318,374
318,402
318,369
319,404
319,405
319,374
319,402
319,369
320,329
320,353
320,408
320,374
320,402
320,369
321,386
321,404
321,405
321,374
321,402
321,370
322,388
322,374
322,402
322,369
323,329
323,347
323,386
323,353
323,405
323,408
323,374
323,402
323,407
323,369
324,329
324,347
324,386
324,353
324,344
324,383
324,374
324,402
324,370
325,352
325,329
325,386
325,353
325,344
325,374
325,402
325,359
325,316
326,352
326,386
326,404
326,374
326,402
326,401
326,369
327,347
327,386
327,353
327,405
327,408
327,374
327,402
327,369
328,329
328,386
328,404
328,405
328,388
328,402
328,370
329,404
329,405
329,402
329,369
330,329
330,386
330,353
330,405
330,402
330,346
331,386
331,404
331,374
331,402
331,327
332,329
332,386
332,404
332,405
332,383
332,374
332,402
332,370
333,353
333,402
333,370
334,329
334,386
334,353
334,405
334,412
334,402
334,369
335,347
335,386
335,353
335,405
335,412
335,408
335,383
335,369
437,352
437,345
437,339
437,329
437,347
437,411
437,390
437,386
437,404
437,337
437,388
437,383
437,374
437,402
437,359
437,407
437,316
437,343
437,373
437,335
438,341
438,362
438,352
438,329
438,347
438,332
438,411
438,404
438,337
438,388
438,383
438,348
438,374
438,402
438,359
438,407
438,316
438,343
438,373
438,403
438,335
439,410
439,362
439,352
439,339
439,329
439,332
439,411
439,386
439,387
439,322
439,388
439,383
439,349
439,374
439,402
439,359
439,407
439,316
439,343
439,373
439,401
439,370
439,369
492,411
492,404
492,388
492,402
492,391
650,362
650,352
650,353
650,405
650,348
650,331
650,374
650,402
650,335
651,322
651,331
651,373
651,320
652,353
652,337
652,348
652,320
493,332
493,404
493,374
493,402
493,359
756,389
757,389
772,389
780,389
785,389
805,389
806,389
807,389
808,389
809,389
811,389
812,389
813,389
814,389
815,389
818,389
819,389
826,389
830,389
832,389
833,389
834,389
835,389
836,389
837,389
838,389
840,389
841,389
844,389
845,389
887,389
658,341
778,341
780,341
805,341
806,341
808,341
809,341
811,341
813,341
814,341
815,341
833,341
840,341
841,341
845,341
655,410
668,410
672,410
692,410
704,410
708,410
755,410
757,410
769,410
775,410
778,410
779,410
784,410
785,410
805,410
806,410
807,410
808,410
809,410
811,410
812,410
813,410
814,410
815,410
817,410
819,410
820,410
821,410
823,410
825,410
826,410
833,410
834,410
840,410
841,410
844,410
845,410
846,410
864,410
668,362
672,362
694,362
707,362
775,362
805,362
806,362
807,362
808,362
809,362
810,362
811,362
813,362
814,362
815,362
817,362
818,362
819,362
830,362
831,362
832,362
833,362
834,362
835,362
836,362
837,362
838,362
840,362
841,362
844,362
845,362
846,362
864,362
668,352
672,352
709,352
755,352
756,352
757,352
772,352
805,352
806,352
807,352
808,352
809,352
811,352
813,352
814,352
815,352
833,352
834,352
840,352
841,352
844,352
845,352
846,352
668,345
672,345
775,345
805,345
806,345
808,345
811,345
813,345
814,345
815,345
838,345
844,345
845,345
655,372
661,372
668,372
672,372
686,372
690,372
692,372
694,372
695,372
696,372
707,372
708,372
709,372
769,372
772,372
775,372
778,372
779,372
780,372
805,372
806,372
807,372
808,372
809,372
810,372
811,372
812,372
813,372
814,372
815,372
818,372
821,372
831,372
833,372
836,372
837,372
840,372
841,372
844,372
845,372
846,372
864,372
885,372
887,372
655,339
778,339
785,339
805,339
806,339
808,339
809,339
811,339
813,339
814,339
815,339
817,339
819,339
820,339
821,339
823,339
825,339
826,339
840,339
841,339
846,339
887,339
661,329
683,329
685,329
686,329
690,329
695,329
696,329
702,329
704,329
707,329
709,329
741,329
754,329
755,329
756,329
757,329
769,329
772,329
775,329
778,329
779,329
780,329
785,329
805,329
806,329
807,329
808,329
809,329
810,329
811,329
813,329
814,329
815,329
817,329
818,329
819,329
820,329
821,329
823,329
830,329
831,329
832,329
833,329
834,329
835,329
837,329
838,329
839,329
840,329
846,329
863,329
866,329
885,329
887,329
904,329
661,347
700,347
705,347
706,347
708,347
709,347
712,347
713,347
715,347
741,347
754,347
755,347
756,347
757,347
776,347
777,347
785,347
805,347
807,347
809,347
811,347
813,347
814,347
815,347
817,347
818,347
819,347
820,347
821,347
822,347
824,347
825,347
826,347
833,347
835,347
837,347
838,347
839,347
844,347
845,347
846,347
866,347
903,347
905,347
655,332
668,332
672,332
684,332
685,332
686,332
689,332
690,332
691,332
692,332
693,332
694,332
695,332
696,332
700,332
702,332
704,332
707,332
708,332
709,332
712,332
713,332
754,332
755,332
756,332
757,332
770,332
771,332
772,332
773,332
774,332
775,332
776,332
777,332
778,332
780,332
784,332
785,332
786,332
787,332
805,332
806,332
807,332
808,332
809,332
811,332
812,332
813,332
814,332
817,332
818,332
819,332
820,332
821,332
822,332
823,332
825,332
826,332
830,332
832,332
833,332
834,332
835,332
836,332
837,332
838,332
839,332
840,332
841,332
845,332
846,332
862,332
864,332
865,332
866,332
880,332
884,332
885,332
887,332
888,332
655,411
668,411
672,411
684,411
690,411
691,411
692,411
694,411
696,411
707,411
757,411
770,411
772,411
773,411
774,411
776,411
778,411
786,411
805,411
806,411
808,411
809,411
810,411
811,411
812,411
813,411
814,411
815,411
821,411
825,411
832,411
833,411
834,411
835,411
836,411
837,411
838,411
839,411
840,411
841,411
844,411
845,411
846,411
862,411
864,411
865,411
866,411
884,411
885,411
887,411
655,390
661,390
668,390
672,390
683,390
690,390
691,390
694,390
706,390
712,390
713,390
715,390
771,390
772,390
773,390
778,390
779,390
785,390
786,390
805,390
806,390
807,390
808,390
811,390
813,390
814,390
815,390
817,390
818,390
823,390
824,390
830,390
832,390
833,390
834,390
835,390
838,390
839,390
840,390
845,390
846,390
658,325
778,325
863,325
903,325
661,386
683,386
684,386
686,386
689,386
692,386
693,386
695,386
696,386
700,386
704,386
707,386
709,386
741,386
755,386
756,386
757,386
770,386
771,386
772,386
774,386
775,386
776,386
777,386
785,386
786,386
787,386
805,386
806,386
807,386
811,386
813,386
814,386
815,386
818,386
819,386
820,386
822,386
826,386
831,386
832,386
833,386
834,386
835,386
836,386
837,386
838,386
839,386
840,386
841,386
844,386
846,386
862,386
865,386
866,386
880,386
884,386
885,386
888,386
903,386
905,386
655,353
658,353
661,353
679,353
691,353
692,353
693,353
701,353
708,353
709,353
741,353
755,353
769,353
773,353
784,353
809,353
812,353
819,353
820,353
822,353
825,353
831,353
836,353
838,353
840,353
863,353
888,353
672,404
684,404
685,404
689,404
700,404
705,404
712,404
713,404
771,404
777,404
778,404
780,404
785,404
807,404
808,404
823,404
824,404
833,404
834,404
835,404
839,404
845,404
868,404
885,404
904,404
668,387
683,387
694,387
706,387
715,387
754,387
757,387
770,387
772,387
774,387
775,387
776,387
786,387
787,387
811,387
821,387
826,387
830,387
832,387
841,387
846,387
866,387
884,387
887,387
686,356
690,356
806,356
817,356
818,356
865,356
903,356
695,406
696,406
707,406
805,406
810,406
813,406
814,406
815,406
844,406
905,406
658,405
668,405
672,405
679,405
683,405
684,405
686,405
692,405
694,405
701,405
705,405
706,405
707,405
708,405
712,405
741,405
755,405
770,405
772,405
773,405
774,405
776,405
777,405
780,405
785,405
786,405
787,405
806,405
819,405
823,405
825,405
831,405
836,405
865,405
884,405
689,344
709,344
713,344
715,344
756,344
771,344
805,344
810,344
822,344
830,344
832,344
833,344
838,344
840,344
862,344
866,344
685,337
700,337
754,337
757,337
775,337
778,337
784,337
817,337
818,337
820,337
835,337
845,337
887,337
693,392
824,392
834,392
844,392
880,392
661,322
690,322
807,322
809,322
811,322
813,322
814,322
815,322
821,322
826,322
837,322
839,322
841,322
846,322
903,322
904,322
905,322
831,412
845,412
904,412
658,388
661,388
705,388
773,388
775,388
823,388
824,388
826,388
830,388
832,388
833,388
839,388
844,388
846,388
862,388
863,388
865,388
888,388
655,408
668,408
741,408
756,408
825,408
830,408
838,408
658,383
661,383
683,383
685,383
686,383
691,383
692,383
705,383
712,383
754,383
755,383
756,383
757,383
769,383
770,383
771,383
772,383
773,383
774,383
775,383
777,383
778,383
779,383
780,383
786,383
787,383
805,383
807,383
808,383
809,383
810,383
811,383
812,383
814,383
815,383
818,383
826,383
831,383
836,383
838,383
839,383
844,383
845,383
846,383
863,383
864,383
880,383
884,383
887,383
888,383
903,383
904,383
905,383
846,348
903,348
904,348
880,413
683,349
689,349
774,349
808,349
811,349
822,349
846,349
865,349
880,349
885,349
905,349
696,331
772,331
775,331
778,331
805,331
806,331
807,331
808,331
809,331
810,331
811,331
813,331
814,331
815,331
817,331
818,331
819,331
821,331
825,331
826,331
833,331
835,331
840,331
841,331
844,331
845,331
846,331
868,331
880,331
885,331
887,331
903,331
904,331
905,331
683,374
686,374
689,374
690,374
696,374
701,374
741,374
754,374
755,374
756,374
757,374
770,374
771,374
772,374
773,374
775,374
776,374
778,374
779,374
780,374
807,374
808,374
810,374
813,374
819,374
820,374
822,374
823,374
825,374
826,374
844,374
845,374
846,374
865,374
866,374
868,374
884,374
888,374
903,374
658,402
661,402
672,402
679,402
683,402
686,402
689,402
690,402
691,402
694,402
696,402
700,402
701,402
704,402
705,402
707,402
709,402
741,402
754,402
755,402
756,402
757,402
769,402
770,402
771,402
772,402
773,402
774,402
775,402
776,402
778,402
779,402
780,402
787,402
805,402
806,402
807,402
808,402
809,402
810,402
811,402
812,402
813,402
814,402
815,402
817,402
818,402
819,402
820,402
821,402
822,402
824,402
825,402
826,402
830,402
832,402
833,402
834,402
835,402
836,402
837,402
838,402
839,402
840,402
841,402
844,402
845,402
846,402
864,402
865,402
866,402
868,402
884,402
887,402
903,402
661,359
683,359
684,359
685,359
686,359
689,359
691,359
692,359
693,359
694,359
700,359
702,359
705,359
706,359
707,359
709,359
712,359
715,359
755,359
774,359
775,359
776,359
780,359
786,359
787,359
808,359
820,359
822,359
823,359
824,359
844,359
845,359
846,359
863,359
865,359
866,359
868,359
880,359
884,359
885,359
887,359
903,359
683,407
685,407
686,407
691,407
694,407
701,407
705,407
708,407
709,407
712,407
713,407
715,407
741,407
755,407
774,407
775,407
776,407
780,407
786,407
808,407
822,407
823,407
825,407
844,407
845,407
846,407
864,407
866,407
868,407
885,407
903,407
661,316
672,316
683,316
712,316
715,316
780,316
787,316
805,316
808,316
819,316
822,316
823,316
844,316
845,316
846,316
864,316
903,316
655,343
707,343
712,343
808,343
824,343
825,343
835,343
844,343
845,343
846,343
885,343
903,343
655,373
668,373
683,373
684,373
689,373
693,373
694,373
695,373
700,373
701,373
702,373
704,373
706,373
712,373
715,373
771,373
776,373
777,373
784,373
785,373
786,373
787,373
805,373
806,373
807,373
808,373
819,373
823,373
830,373
831,373
832,373
833,373
834,373
835,373
836,373
837,373
838,373
839,373
840,373
844,373
845,373
846,373
865,373
903,373
655,401
672,401
683,401
684,401
685,401
691,401
700,401
706,401
708,401
709,401
712,401
713,401
715,401
846,401
903,401
655,403
672,403
707,403
715,403
824,403
866,403
844,335
845,335
862,335
905,335
863,315
695,320
696,320
701,320
784,320
785,320
880,320
903,320
904,320
905,320
668,346
672,346
693,346
773,346
817,346
820,346
821,346
840,346
866,346
683,370
694,370
755,370
756,370
774,370
779,370
805,370
806,370
807,370
808,370
809,370
810,370
812,370
813,370
815,370
821,370
826,370
830,370
832,370
835,370
836,370
838,370
841,370
846,370
903,370
904,370
905,370
684,369
685,369
686,369
689,369
690,369
691,369
692,369
693,369
695,369
696,369
700,369
701,369
704,369
705,369
706,369
707,369
709,369
741,369
754,369
755,369
756,369
757,369
769,369
770,369
771,369
772,369
773,369
774,369
775,369
776,369
777,369
778,369
779,369
780,369
784,369
785,369
786,369
787,369
805,369
806,369
807,369
808,369
809,369
810,369
811,369
812,369
813,369
814,369
815,369
818,369
819,369
830,369
831,369
832,369
835,369
836,369
837,369
838,369
839,369
840,369
841,369
846,369
862,369
864,369
865,369
866,369
868,369
880,369
884,369
885,369
887,369
888,369
903,369
904,369
905,369
695,400
696,400
770,400
805,400
810,400
812,400
836,400
846,400
