gid,monitoring_started,monitoring_ended,longitude,latitude,district,name,ms_id,svp (manual),svp (auto),validity,area
195,2020-04-19,2020-10-19,11.8564744,44.4316841,RA,RA12,6.0,,1.86051572190186,valid,FC-RA-RN
251,2021-02-22,2021-10-25,11.3955411,44.7232868,BO,BO04,9.0,8.0,0.0507743082000508,valid,BO-FE
106,2020-04-19,2020-10-19,12.006047,44.247429,FC,FC03,6.0,13.0,5.04297682515504,valid,FC-RA-RN
483,2021-02-22,2021-10-25,11.989947,44.390806,RA,RA36,9.0,8.0,0.837776085300838,valid,FC-RA-RN
264,2021-02-22,2021-10-25,11.668875,44.358479,BO,BO17,9.0,30.0,21.5790809850216,valid,FC-RA-RN
305,2021-02-22,2021-10-25,11.7580788,44.8300904,FE,FE08,9.0,2.0,1.12972835745113,valid,BO-FE
80,2020-04-19,2020-10-19,11.8478407,44.9187958,FE,FE17,6.0,10.0,0.168643237950169,valid,BO-FE
318,2021-02-22,2021-10-25,11.5412124,44.8539655,FE,FE21,9.0,2.0,1.37090632140137,valid,BO-FE
452,2021-02-22,2021-10-25,12.0082071,44.5889244,FE,RA05,9.0,10.0,2.97029702970297,valid,FC-RA-RN
455,2021-02-22,2021-10-25,11.8698354,44.4217921,RA,RA08,9.0,3.0,0.368113734450368,valid,FC-RA-RN
470,2021-02-22,2021-10-25,11.87794,44.3105971,RA,RA23,9.0,3.0,3.07184564610307,valid,FC-RA-RN
209,2020-04-19,2020-10-19,11.8439968,44.3403604,RA,RA26,6.0,,0.0544010445000544,noisy,FC-RA-RN
110,2020-04-19,2020-10-19,12.3739173,44.158192,FC,FC07,6.0,,1.88771624415189,valid,FC-RA-RN
175,2020-04-19,2020-10-19,10.7614516,44.7694733,RE,MO32,6.0,20.0,12.1695136546622,invalid,MO-RE
370,2021-02-22,2021-10-25,12.024206,44.2523,FC,FC23,9.0,7.0,0.52043665905052,valid,FC-RA-RN
28,2020-04-19,2020-10-19,11.6612,44.6385,BO,BO05,6.0,10.0,3.35110434120335,valid,BO-FE
94,2020-04-19,2020-10-19,11.7148862,44.7209097,FE,FE31,6.0,5.0,2.04547927320205,valid,BO-FE
262,2021-02-22,2021-10-25,11.365889,44.663667,BO,BO15,9.0,1.0,0.241177963950241,valid,BO-FE
204,2020-04-19,2020-10-19,11.9167079,44.3496806,RA,RA21,6.0,5.0,3.93319551735393,valid,FC-RA-RN
362,2021-02-22,2021-10-25,12.055685,44.253028,FC,FC15,9.0,7.0,0.825082508250825,valid,FC-RA-RN
151,2020-04-19,2020-10-19,11.1583344,44.8604963,MO,MO08,6.0,4.0,0.31008595365031,valid,MO-RE
162,2020-04-19,2020-10-19,10.8154032,44.5753089,MO,MO19,6.0,4.0,0.576651071700577,valid,MO-RE
30,2020-04-19,2020-10-19,11.7551899,44.336251,BO,BO07,6.0,12.0,6.16363834185616,valid,FC-RA-RN
253,2021-02-22,2021-10-25,11.62741,44.6355722,BO,BO06,9.0,5.0,0.0888550393500889,valid,BO-FE
119,2020-04-19,2020-10-19,12.0513256,44.3654617,RA,FC16,6.0,19.0,4.02567729300403,valid,FC-RA-RN
399,2021-02-22,2021-10-25,10.8743731,44.7297694,MO,MO02,9.0,20.0,1.11703478040112,valid,MO-RE
356,2021-02-22,2021-10-25,12.0242263,44.3544632,RA,FC09,9.0,5.0,0.0634678852500635,valid,FC-RA-RN
299,2021-02-22,2021-10-25,11.7087481,44.7963039,FE,FE02,9.0,3.0,0.0126935770500127,valid,BO-FE
95,2020-04-19,2020-10-19,11.8882833,44.8326291,FE,FE32,6.0,0.0,0.0,valid,BO-FE
122,2020-04-19,2020-10-19,12.1405078,44.2121403,FC,FC19,6.0,5.0,0.544010445000544,valid,FC-RA-RN
437,2021-02-22,2021-10-25,10.36123,44.87544,PR,MO40,9.0,2.0,4.31581619700432,noisy,OTHER
268,2021-02-22,2021-10-25,11.75175,44.436861,BO,BO21,9.0,2.0,0.0,valid,FC-RA-RN
454,2021-02-22,2021-10-25,11.8768511,44.5400016,RA,RA07,9.0,12.0,11.7542523483118,valid,FC-RA-RN
214,2020-04-19,2020-10-19,11.8631919,44.3205647,RA,RA31,6.0,2.0,0.73985420520074,valid,FC-RA-RN
310,2021-02-22,2021-10-25,11.905123,44.676296,FE,FE13,9.0,18.0,5.03935008885504,valid,BO-FE
127,2020-04-19,2020-10-19,12.2697797,44.1658763,FC,FC24,6.0,,4.74921118485475,valid,FC-RA-RN
486,2021-02-22,2021-10-25,11.972236,44.383189,RA,RA39,9.0,7.0,3.65575019040366,valid,FC-RA-RN
330,2021-02-22,2021-10-25,11.7901,44.840343,FE,FE33,9.0,8.0,1.92942371160193,valid,BO-FE
82,2020-04-19,2020-10-19,11.6731017,44.7323588,FE,FE19,6.0,5.0,4.83625285605484,valid,BO-FE
439,2021-02-22,2021-10-25,10.066753,44.839979,PR,MO42,9.0,20.0,1.15511551155116,valid,OTHER
25,2020-04-19,2020-10-19,11.4410885,44.752284,BO,BO02,6.0,16.0,4.51528669350452,valid,BO-FE
359,2021-02-22,2021-10-25,12.0800003,44.4080381,RA,FC12,9.0,4.0,0.0380807311500381,valid,FC-RA-RN
213,2020-04-19,2020-10-19,11.8072148,44.3380346,RA,RA30,6.0,,0.136002611250136,valid,FC-RA-RN
26,2020-04-19,2020-10-19,11.4216152,44.7257191,BO,BO03,6.0,9.0,2.3990860624524,valid,BO-FE
117,2020-04-19,2020-10-19,12.0363302,44.4462601,RA,FC14,6.0,6.0,1.7027526928517,valid,FC-RA-RN
438,2021-02-22,2021-10-25,10.21068,44.83696,PR,MO41,9.0,10.0,2.33561817720234,valid,OTHER
265,2021-02-22,2021-10-25,11.735028,44.362764,BO,BO18,9.0,6.0,7.20995176440721,valid,FC-RA-RN
185,2020-04-19,2020-10-19,11.949154,44.486892,RA,RA02,6.0,4.0,0.837776085300838,valid,FC-RA-RN
405,2021-02-22,2021-10-25,11.1583344,44.8604963,MO,MO08,9.0,4.0,0.0126935770500127,valid,MO-RE
487,2021-02-22,2021-10-25,11.9320288,44.3824501,RA,RA40,9.0,15.0,7.78116273165778,valid,FC-RA-RN
196,2020-04-19,2020-10-19,11.7773964,44.5041177,BO,RA13,6.0,5.0,1.71363290175171,valid,FC-RA-RN
218,2020-04-19,2020-10-19,12.0012574,44.3938559,RA,RA35,6.0,6.0,3.82439342835382,valid,FC-RA-RN
309,2021-02-22,2021-10-25,11.833951,44.695957,FE,FE12,9.0,7.0,7.13379030210713,valid,BO-FE
373,2021-02-22,2021-10-25,12.031483,44.268212,FC,FC26,9.0,8.0,3.47804011170348,valid,FC-RA-RN
363,2021-02-22,2021-10-25,12.051341,44.36556,RA,FC16,9.0,19.0,5.02665651180503,valid,FC-RA-RN
27,2020-04-19,2020-10-19,11.3904419,44.7665725,BO,BO04,6.0,,0.854096398650854,valid,BO-FE
409,2021-02-22,2021-10-25,10.9923746,44.7887749,MO,MO12,9.0,10.0,4.96318862655496,valid,MO-RE
414,2021-02-22,2021-10-25,10.8597191,44.6773164,MO,MO17,9.0,40.0,14.0898705255141,valid,MO-RE
449,2021-02-22,2021-10-25,11.9491988671799,44.4867359113199,RA,RA02,9.0,4.0,1.11703478040112,valid,FC-RA-RN
155,2020-04-19,2020-10-19,10.9923746,44.7887749,MO,MO12,6.0,10.0,6.62060711565662,valid,MO-RE
417,2021-02-22,2021-10-25,11.067372,44.552148,MO,MO20,9.0,20.0,11.3861386138614,valid,MO-RE
434,2021-02-22,2021-10-25,10.857107,44.68216,MO,MO37,9.0,16.0,2.74181264280274,valid,MO-RE
149,2020-04-19,2020-10-19,11.3307687,44.8403288,MO,MO06,6.0,2.0,0.277445326950277,valid,BO-FE
93,2020-04-19,2020-10-19,11.7053542,44.7355318,FE,FE30,6.0,4.0,2.17060167555217,valid,BO-FE
307,2021-02-22,2021-10-25,11.8474108,44.835164,FE,FE10,9.0,10.0,5.64864178725565,invalid,BO-FE
97,2020-04-19,2020-10-19,11.6874526,44.7461447,FE,FE34,6.0,6.0,0.505929713850506,valid,BO-FE
335,2021-02-22,2021-10-25,11.953247,44.899127,FE,FE38,9.0,7.0,0.19040365575019,noisy,BO-FE
205,2020-04-19,2020-10-19,11.8966467,44.3315316,RA,RA22,6.0,8.0,1.39266673920139,valid,FC-RA-RN
197,2020-04-19,2020-10-19,12.039131,44.4316903,RA,RA14,6.0,30.0,21.961701664672,valid,FC-RA-RN
187,2020-04-19,2020-10-19,11.874265,44.490924,RA,RA04,6.0,,2.65477097160265,valid,FC-RA-RN
114,2020-04-19,2020-10-19,12.0662778,44.413179,RA,FC11,6.0,5.0,1.22402350125122,valid,FC-RA-RN
351,2021-02-22,2021-10-25,12.12395,44.200867,FC,FC04,9.0,18.0,6.94338664635694,valid,FC-RA-RN
191,2020-04-19,2020-10-19,11.870767,44.4302686,RA,RA08,6.0,,6.94157327820694,valid,FC-RA-RN
156,2020-04-19,2020-10-19,10.96102,44.8364453,MO,MO13,6.0,11.0,5.84267217930584,valid,MO-RE
302,2021-02-22,2021-10-25,11.6734147,44.910694,FE,FE05,9.0,16.0,5.71210967250571,valid,BO-FE
249,2021-02-22,2021-10-25,11.440961,44.752219,BO,BO02,9.0,16.0,3.07184564610307,valid,BO-FE
194,2020-04-19,2020-10-19,11.929684,44.399823,RA,RA11,6.0,12.0,0.821455771950822,valid,FC-RA-RN
126,2020-04-19,2020-10-19,12.023979,44.2522656,FC,FC23,6.0,7.0,0.647372429550647,valid,FC-RA-RN
430,2021-02-22,2021-10-25,10.7774832430224,44.7869622896218,RE,MO33,9.0,24.0,12.6554963188627,valid,MO-RE
252,2021-02-22,2021-10-25,11.6616808,44.63867,BO,BO05,9.0,10.0,3.43995938055344,valid,BO-FE
39,2020-04-19,2020-10-19,11.66873,44.358658,BO,BO16,6.0,30.0,15.3628549668154,valid,FC-RA-RN
316,2021-02-22,2021-10-25,11.6731017,44.7323588,FE,FE19,9.0,5.0,2.75450621985275,valid,BO-FE
489,2021-02-22,2021-10-25,11.907308,44.30029,RA,RA42,9.0,2.0,0.85046966235085,valid,FC-RA-RN
178,2020-04-19,2020-10-19,10.8707873,44.8826064,RE,MO35,6.0,16.0,2.44804700250245,valid,MO-RE
67,2020-04-19,2020-10-19,11.5270873,44.8804115,FE,FE04,6.0,2.0,0.0272005222500272,valid,BO-FE
457,2021-02-22,2021-10-25,11.8761764597221,44.4348693552242,RA,RA10,9.0,5.0,4.95049504950495,valid,FC-RA-RN
471,2021-02-22,2021-10-25,11.8377626,44.2971944,RA,RA24,9.0,20.0,15.981213505966,valid,FC-RA-RN
255,2021-02-22,2021-10-25,11.764253,44.383894,BO,BO08,9.0,3.0,0.418888042650419,valid,FC-RA-RN
464,2021-02-22,2021-10-25,11.9844142,44.3759389,RA,RA17,9.0,40.0,6.15638486925616,valid,FC-RA-RN
357,2021-02-22,2021-10-25,12.0263391,44.404618,RA,FC10,9.0,40.0,18.0756537192181,valid,FC-RA-RN
352,2021-02-22,2021-10-25,12.2946508,44.1148957,FC,FC05,9.0,20.0,6.74028941355674,valid,FC-RA-RN
465,2021-02-22,2021-10-25,12.0164253,44.3953074,RA,RA18,9.0,30.0,13.8233054074638,valid,FC-RA-RN
325,2021-02-22,2021-10-25,11.6286317,44.7301027,FE,FE28,9.0,10.0,8.49200304645849,invalid,BO-FE
66,2020-04-19,2020-10-19,11.4915326,44.8799734,FE,FE03,6.0,1.0,0.364486998150365,valid,BO-FE
479,2021-02-22,2021-10-25,11.852219,44.324231,RA,RA32,9.0,5.0,0.495049504950495,valid,FC-RA-RN
477,2021-02-22,2021-10-25,11.8040878,44.3477732,RA,RA30,9.0,4.0,0.368113734450368,valid,FC-RA-RN
160,2020-04-19,2020-10-19,10.8597191,44.6773164,MO,MO17,6.0,40.0,23.0769230769231,valid,MO-RE
89,2020-04-19,2020-10-19,11.649626,44.7844171,FE,FE26,6.0,10.0,2.6982918072027,valid,BO-FE
33,2020-04-19,2020-10-19,11.4477414,44.756019,BO,BO10,6.0,,3.22598193885323,valid,BO-FE
31,2020-04-19,2020-10-19,11.7643723,44.3837495,BO,BO08,6.0,3.0,0.244804700250245,valid,FC-RA-RN
406,2021-02-22,2021-10-25,11.1095953,44.8719211,MO,MO09,9.0,15.0,4.2015740035542,valid,MO-RE
460,2021-02-22,2021-10-25,11.7774886,44.5039369,RA,RA13,9.0,5.0,1.20588981975121,valid,FC-RA-RN
69,2020-04-19,2020-10-19,11.6546345,44.8588477,FE,FE06,6.0,10.0,9.24273746055924,valid,BO-FE
334,2021-02-22,2021-10-25,11.341047,44.792511,FE,FE37,9.0,2.0,0.13962934755014,noisy,BO-FE
203,2020-04-19,2020-10-19,11.8455944,44.374285,RA,RA20,6.0,5.0,2.42628658470243,valid,FC-RA-RN
34,2020-04-19,2020-10-19,11.6041706,44.6299269,BO,BO11,6.0,10.0,1.86051572190186,valid,BO-FE
81,2020-04-19,2020-10-19,11.5998239,44.7847172,FE,FE18,6.0,3.0,12.7679251441628,valid,BO-FE
219,2020-04-19,2020-10-19,11.9900622,44.390587,RA,RA36,6.0,8.0,1.03361984550103,valid,FC-RA-RN
428,2021-02-22,2021-10-25,10.7416867674336,44.7584940315272,RE,MO31,9.0,8.0,7.69230769230769,valid,MO-RE
79,2020-04-19,2020-10-19,11.9341221,44.9637226,FE,FE16,6.0,0.0,0.375367207050375,valid,BO-FE
321,2021-02-22,2021-10-25,11.7898472,44.8232467,FE,FE24,9.0,12.0,4.76009139375476,valid,BO-FE
450,2021-02-22,2021-10-25,11.9479935846593,44.4817716112393,RA,RA03,9.0,6.0,3.26224930185326,valid,FC-RA-RN
324,2021-02-22,2021-10-25,11.764934,44.7496433,FE,FE27,9.0,4.0,1.33282559025133,valid,BO-FE
481,2021-02-22,2021-10-25,11.997529,44.405385,RA,RA34,9.0,15.0,1.32013201320132,valid,FC-RA-RN
90,2020-04-19,2020-10-19,11.764934,44.7496433,FE,FE27,6.0,4.0,2.07267979545207,valid,BO-FE
146,2020-04-19,2020-10-19,11.1150806,44.7554526,MO,MO03,6.0,5.0,6.58252638450658,valid,MO-RE
192,2020-04-19,2020-10-19,11.8809145,44.4250424,RA,RA09,6.0,,1.03905994995104,valid,FC-RA-RN
424,2021-02-22,2021-10-25,10.7898488544837,44.7790413804669,RE,MO27,9.0,2.0,4.26504188880426,valid,MO-RE
193,2020-04-19,2020-10-19,11.876786,44.441738,RA,RA10,6.0,,0.380807311500381,valid,FC-RA-RN
408,2021-02-22,2021-10-25,10.9973832,44.8694494,MO,MO11,9.0,15.0,3.90962173140391,valid,MO-RE
466,2021-02-22,2021-10-25,12.0312014,44.4432292,RA,RA19,9.0,6.0,5.25514089870526,valid,FC-RA-RN
250,2021-02-22,2021-10-25,11.4220107,44.7258452,BO,BO03,9.0,9.0,1.3962934755014,valid,BO-FE
350,2021-02-22,2021-10-25,12.0060471986718,44.2470517591205,FC,FC03,9.0,13.0,7.55267834475755,valid,FC-RA-RN
116,2020-04-19,2020-10-19,11.9973704,44.4746537,RA,FC13,6.0,,0.0816015667500816,valid,FC-RA-RN
64,2020-04-19,2020-10-19,11.7591248,44.8808093,FE,FE01,6.0,2.0,1.11522141225112,valid,BO-FE
478,2021-02-22,2021-10-25,11.863125,44.320506,RA,RA31,9.0,2.0,1.52322924600152,valid,FC-RA-RN
248,2021-02-22,2021-10-25,11.5427417,44.6508673,BO,BO01,9.0,8.0,10.2817974105103,valid,BO-FE
84,2020-04-19,2020-10-19,11.5412124,44.8539655,FE,FE21,6.0,2.0,3.00837776085301,valid,BO-FE
145,2020-04-19,2020-10-19,10.8743731,44.7297694,MO,MO02,6.0,20.0,1.27298444130127,valid,MO-RE
207,2020-04-19,2020-10-19,11.8383403,44.2971872,RA,RA24,6.0,20.0,3.85703405505386,valid,FC-RA-RN
458,2021-02-22,2021-10-25,11.9287017,44.3995025,RA,RA11,9.0,12.0,2.3990860624524,valid,FC-RA-RN
198,2020-04-19,2020-10-19,11.9368376,44.2760464,RA,RA15,6.0,0.0,0.0,valid,FC-RA-RN
104,2020-04-19,2020-10-19,12.016743,44.251545,FC,FC01,6.0,12.0,4.999455989555,valid,FC-RA-RN
163,2020-04-19,2020-10-19,11.0943362,44.5437561,MO,MO20,6.0,,9.17201610270917,valid,MO-RE
413,2021-02-22,2021-10-25,11.0233567,44.7052368,MO,MO16,9.0,16.0,3.83346026910383,valid,MO-RE
418,2021-02-22,2021-10-25,11.0721866,44.6056604,MO,MO21,9.0,7.0,1.47245493780147,valid,MO-RE
315,2021-02-22,2021-10-25,11.5998239,44.7847172,FE,FE18,9.0,3.0,7.00685453160701,valid,BO-FE
463,2021-02-22,2021-10-25,11.964822,44.322458,RA,RA16,9.0,15.0,9.62173140390962,valid,FC-RA-RN
71,2020-04-19,2020-10-19,11.7580788,44.8300904,FE,FE08,6.0,2.0,1.71907300620172,valid,BO-FE
29,2020-04-19,2020-10-19,11.661497,44.6387434,BO,BO06,6.0,10.0,3.26406267000326,valid,BO-FE
488,2021-02-22,2021-10-25,11.908431,44.300256,RA,RA41,9.0,2.0,0.939324701700939,valid,FC-RA-RN
159,2020-04-19,2020-10-19,11.0233567,44.7052368,MO,MO16,6.0,16.0,3.45990643020346,valid,MO-RE
354,2021-02-22,2021-10-25,12.3805762,44.1641651,FC,FC07,9.0,12.0,13.5313531353135,valid,FC-RA-RN
267,2021-02-22,2021-10-25,11.686861,44.372417,BO,BO20,9.0,5.0,10.3579588728104,valid,FC-RA-RN
72,2020-04-19,2020-10-19,11.5190763,44.8444582,FE,FE09,6.0,5.0,2.05091937765205,valid,BO-FE
41,2020-04-19,2020-10-19,11.7350908,44.3627714,BO,BO18,6.0,6.0,3.38374496790338,valid,FC-RA-RN
186,2020-04-19,2020-10-19,11.954109,44.486476,RA,RA03,6.0,,2.64933086715265,valid,FC-RA-RN
177,2020-04-19,2020-10-19,10.7953679,44.8596503,RE,MO34,6.0,,6.36492220650636,valid,MO-RE
402,2021-02-22,2021-10-25,11.231995,44.8135614,MO,MO05,9.0,5.0,2.13252094440213,valid,BO-FE
467,2021-02-22,2021-10-25,11.8458972,44.3741432,RA,RA20,9.0,5.0,2.58948971820259,valid,FC-RA-RN
171,2020-04-19,2020-10-19,10.8138395,44.7152998,RE,MO28,6.0,5.0,1.37090632140137,valid,MO-RE
480,2021-02-22,2021-10-25,11.9215892,44.4383246,RA,RA33,9.0,4.0,0.304645849200305,valid,FC-RA-RN
410,2021-02-22,2021-10-25,10.96102,44.8364453,MO,MO13,9.0,11.0,3.80807311500381,valid,MO-RE
459,2021-02-22,2021-10-25,11.8575539,44.4302849,RA,RA12,9.0,15.0,16.5778116273166,noisy,FC-RA-RN
314,2021-02-22,2021-10-25,11.8478407,44.9187958,FE,FE17,9.0,10.0,0.0380807311500381,invalid,BO-FE
190,2020-04-19,2020-10-19,11.8780366,44.5405295,RA,RA07,6.0,,8.21999782395822,valid,FC-RA-RN
400,2021-02-22,2021-10-25,11.115036,44.755434,MO,MO03,9.0,5.0,4.4046712363544,valid,MO-RE
473,2021-02-22,2021-10-25,11.8562059,44.3421912,RA,RA26,9.0,5.0,2.03097232800203,valid,FC-RA-RN
320,2021-02-22,2021-10-25,11.827048,44.8323731,FE,FE23,9.0,10.0,0.901243970550901,invalid,BO-FE
426,2021-02-22,2021-10-25,10.7050054706733,44.6136655938298,RE,MO29,9.0,11.0,17.7583142929678,valid,MO-RE
412,2021-02-22,2021-10-25,10.9636712,44.682249,MO,MO15,9.0,32.0,14.3564356435644,valid,MO-RE
115,2020-04-19,2020-10-19,12.0800003,44.4080381,RA,FC12,6.0,4.0,0.0598411489500598,valid,FC-RA-RN
148,2020-04-19,2020-10-19,11.231995,44.8135614,MO,MO05,6.0,5.0,1.8985964530519,valid,BO-FE
208,2020-04-19,2020-10-19,11.9807318,44.2759182,RA,RA25,6.0,0.0,0.0380807311500381,valid,FC-RA-RN
323,2021-02-22,2021-10-25,11.649626,44.7844171,FE,FE26,9.0,10.0,1.7009393247017,noisy,BO-FE
322,2021-02-22,2021-10-25,11.8167891,44.7996655,FE,FE25,9.0,0.0,0.0507743082000508,valid,BO-FE
211,2020-04-19,2020-10-19,11.9508926,44.3183829,RA,RA28,6.0,15.0,7.71950821455772,valid,FC-RA-RN
83,2020-04-19,2020-10-19,11.4247707,44.8039094,FE,FE20,6.0,2.0,0.484169296050484,valid,BO-FE
36,2020-04-19,2020-10-19,11.4466725,44.6446617,BO,BO13,6.0,16.0,3.34022413230334,valid,BO-FE
174,2020-04-19,2020-10-19,10.7410331,44.7585437,RE,MO31,6.0,8.0,11.1576542269612,invalid,MO-RE
304,2021-02-22,2021-10-25,12.0064286,44.9033685,FE,FE07,9.0,12.0,2.995684183803,valid,BO-FE
361,2021-02-22,2021-10-25,12.0363302,44.4462601,RA,FC14,9.0,6.0,0.748921045950749,valid,FC-RA-RN
77,2020-04-19,2020-10-19,11.8698468,44.8095546,FE,FE14,6.0,0.0,5.2007398542052,valid,BO-FE
451,2021-02-22,2021-10-25,11.8823501874614,44.4883006080824,RA,RA04,9.0,7.0,2.97029702970297,valid,FC-RA-RN
407,2021-02-22,2021-10-25,11.0678857,44.8315706,MO,MO10,9.0,16.0,1.29474485910129,valid,MO-RE
153,2020-04-19,2020-10-19,11.0678857,44.8315706,MO,MO10,6.0,16.0,1.57763029050158,valid,MO-RE
257,2021-02-22,2021-10-25,11.604261,44.629942,BO,BO10,9.0,10.0,0.875856816450876,valid,BO-FE
200,2020-04-19,2020-10-19,11.985468,44.3755617,RA,RA17,6.0,40.0,3.97127624850397,valid,FC-RA-RN
73,2020-04-19,2020-10-19,11.8474108,44.835164,FE,FE10,6.0,10.0,0.386247415950386,valid,BO-FE
40,2020-04-19,2020-10-19,11.606561,44.365355,BO,BO17,6.0,40.0,0.903057338700903,valid,FC-RA-RN
355,2021-02-22,2021-10-25,12.0431105,44.3932302,RA,FC08,9.0,5.0,2.32292460015232,valid,FC-RA-RN
222,2020-04-19,2020-10-19,11.9723126,44.3831711,RA,RA39,6.0,7.0,3.71015123490371,valid,FC-RA-RN
261,2021-02-22,2021-10-25,11.365186,44.711489,BO,BO14,9.0,2.0,0.507743082000508,valid,BO-FE
123,2020-04-19,2020-10-19,12.0011308,44.253912,FC,FC20,6.0,,1.03361984550103,valid,FC-RA-RN
92,2020-04-19,2020-10-19,11.8292023,44.84521,FE,FE29,6.0,5.0,1.00641932325101,valid,BO-FE
348,2021-02-22,2021-10-25,12.016743,44.251545,FC,FC01,9.0,12.0,4.26504188880427,valid,FC-RA-RN
371,2021-02-22,2021-10-25,12.2677576,44.1688282,FC,FC24,9.0,15.0,6.96877380045697,valid,FC-RA-RN
650,2021-02-22,2021-10-25,9.784816,45.030679,PC,PC01,9.0,15.0,1.84056867225184,valid,OTHER
332,2021-02-22,2021-10-25,11.788217,44.822089,FE,FE35,9.0,8.0,1.76440720995176,valid,BO-FE
468,2021-02-22,2021-10-25,11.91683,44.349642,RA,RA21,9.0,5.0,6.6006600660066,valid,FC-RA-RN
484,2021-02-22,2021-10-25,11.993472,44.3855,RA,RA37,9.0,3.0,0.0507743082000508,valid,FC-RA-RN
404,2021-02-22,2021-10-25,10.9790928,44.5804986,MO,MO07,9.0,30.0,3.45265295760345,valid,MO-RE
111,2020-04-19,2020-10-19,12.0431105,44.3932302,RA,FC08,6.0,5.0,3.05189859645305,valid,FC-RA-RN
206,2020-04-19,2020-10-19,11.8774436,44.3101502,RA,RA23,6.0,3.0,0.821455771950822,valid,FC-RA-RN
485,2021-02-22,2021-10-25,11.9894679,44.3801097,RA,RA38,9.0,15.0,6.66412795125666,valid,FC-RA-RN
364,2021-02-22,2021-10-25,12.05723,44.252617,FC,FC17,9.0,10.0,1.18050266565118,valid,FC-RA-RN
86,2020-04-19,2020-10-19,11.827048,44.8323731,FE,FE23,6.0,10.0,1.4960287237515,valid,BO-FE
360,2021-02-22,2021-10-25,12.0200679,44.4855879,RA,FC13,9.0,10.0,11.4749936532115,valid,FC-RA-RN
91,2020-04-19,2020-10-19,11.6286317,44.7301027,FE,FE28,6.0,10.0,5.85355238820585,valid,BO-FE
70,2020-04-19,2020-10-19,12.0064286,44.9033685,FE,FE07,6.0,12.0,4.75465128930475,valid,BO-FE
199,2020-04-19,2020-10-19,11.964547,44.3216077,RA,RA16,6.0,15.0,4.86889348275487,valid,FC-RA-RN
433,2021-02-22,2021-10-25,11.030522,44.710548,MO,MO36,9.0,30.0,10.2564102564103,valid,MO-RE
303,2021-02-22,2021-10-25,11.6546345,44.8588477,FE,FE06,9.0,10.0,7.8954049251079,valid,BO-FE
365,2021-02-22,2021-10-25,12.057855,44.252381,FC,FC18,9.0,10.0,3.05915206905306,valid,FC-RA-RN
327,2021-02-22,2021-10-25,11.7053542,44.7355318,FE,FE30,9.0,4.0,2.08174663620208,valid,BO-FE
105,2020-04-19,2020-10-19,12.148,44.1649,FC,FC02,6.0,,3.48710695245349,valid,FC-RA-RN
152,2020-04-19,2020-10-19,11.1095953,44.8719211,MO,MO09,6.0,15.0,5.48906539005549,valid,MO-RE
469,2021-02-22,2021-10-25,11.8967564,44.3314097,RA,RA22,9.0,8.0,4.04925107895405,valid,FC-RA-RN
475,2021-02-22,2021-10-25,11.951,44.3183367,RA,RA28,9.0,15.0,8.42853516120843,valid,FC-RA-RN
401,2021-02-22,2021-10-25,11.0281686,44.6307747,MO,MO04,9.0,6.0,0.736227468900736,valid,MO-RE
462,2021-02-22,2021-10-25,11.9368473,44.2760729,RA,RA15,9.0,0.0,0.0,valid,FC-RA-RN
301,2021-02-22,2021-10-25,11.5270873,44.8804115,FE,FE04,9.0,2.0,0.0,noisy,BO-FE
461,2021-02-22,2021-10-25,12.03882,44.43143,RA,RA14,9.0,30.0,18.4945417618685,valid,FC-RA-RN
415,2021-02-22,2021-10-25,10.8973211,44.5769359,MO,MO18,9.0,3.0,1.28205128205128,valid,MO-RE
425,2021-02-22,2021-10-25,10.8137980476122,44.7153497720554,RE,MO28,9.0,5.0,0.977405432850977,valid,MO-RE
220,2020-04-19,2020-10-19,11.9934642,44.3855126,RA,RA37,6.0,3.0,0.0326406267000326,valid,FC-RA-RN
482,2021-02-22,2021-10-25,12.001069,44.393725,RA,RA35,9.0,6.0,2.03097232800203,valid,FC-RA-RN
259,2021-02-22,2021-10-25,11.409836,44.759144,BO,BO12,9.0,7.0,1.12972835745113,valid,BO-FE
298,2021-02-22,2021-10-25,11.7591248,44.8808093,FE,FE01,9.0,2.0,1.06626047220107,noisy,BO-FE
429,2021-02-22,2021-10-25,10.7605130318652,44.7697764868334,RE,MO32,9.0,20.0,9.53287636455953,valid,MO-RE
432,2021-02-22,2021-10-25,10.8702457460139,44.8826401022529,RE,MO35,9.0,16.0,2.23406956080223,valid,MO-RE
423,2021-02-22,2021-10-25,10.849486263479,44.9008314405055,RE,MO26,9.0,16.0,2.08174663620208,valid,MO-RE
112,2020-04-19,2020-10-19,12.0242263,44.3544632,RA,FC09,6.0,5.0,0.255684909150256,valid,FC-RA-RN
254,2021-02-22,2021-10-25,11.7555065,44.3364715,BO,BO07,9.0,12.0,8.42853516120843,valid,FC-RA-RN
431,2021-02-22,2021-10-25,10.7930617544453,44.859014276832,RE,MO34,9.0,2.0,2.89413556740289,valid,MO-RE
201,2020-04-19,2020-10-19,12.0160675,44.3958368,RA,RA18,6.0,30.0,16.984006092917,valid,FC-RA-RN
176,2020-04-19,2020-10-19,10.7782976,44.7868739,RE,MO33,6.0,24.0,4.0963986508541,valid,MO-RE
87,2020-04-19,2020-10-19,11.7898472,44.8232467,FE,FE24,6.0,12.0,9.51474268305951,valid,BO-FE
169,2020-04-19,2020-10-19,10.8495501,44.9006889,RE,MO26,6.0,16.0,1.83331519965183,valid,MO-RE
476,2021-02-22,2021-10-25,12.02254,44.3329967,RA,RA29,9.0,5.0,0.0634678852500635,valid,FC-RA-RN
107,2020-04-19,2020-10-19,12.1232218,44.201005,FC,FC04,6.0,18.0,4.15623979980416,valid,FC-RA-RN
493,2021-02-22,2021-10-25,11.981098,44.273822,RA,RA46,9.0,1.0,0.241177963950241,valid,FC-RA-RN
472,2021-02-22,2021-10-25,11.9808009546362,44.2759614391665,RA,RA25,9.0,0.0,0.126935770500127,valid,FC-RA-RN
319,2021-02-22,2021-10-25,11.7371689,44.7230992,FE,FE22,9.0,0.0,1.42168062960142,valid,BO-FE
221,2020-04-19,2020-10-19,11.9901638,44.3809275,RA,RA38,6.0,,2.51876836035252,valid,FC-RA-RN
147,2020-04-19,2020-10-19,11.0281686,44.6307747,MO,MO04,6.0,6.0,0.881296920900882,valid,MO-RE
210,2020-04-19,2020-10-19,11.9347162,44.3066041,RA,RA27,6.0,,2.75269285170275,invalid,FC-RA-RN
258,2021-02-22,2021-10-25,11.599091,44.60942,BO,BO11,9.0,5.0,0.495049504950495,valid,BO-FE
161,2020-04-19,2020-10-19,10.8973211,44.5769359,MO,MO18,6.0,3.0,2.10532042215211,valid,MO-RE
157,2020-04-19,2020-10-19,10.9566924,44.720497,MO,MO14,6.0,5.0,2.08900010880209,valid,MO-RE
108,2020-04-19,2020-10-19,12.2950465,44.1152676,FC,FC05,6.0,20.0,4.31350827390431,valid,FC-RA-RN
398,2021-02-22,2021-10-25,11.055335,44.658671,MO,MO01,9.0,25.0,12.1223660827621,valid,MO-RE
154,2020-04-19,2020-10-19,10.9973832,44.8694494,MO,MO11,6.0,15.0,5.22250027200522,valid,MO-RE
215,2020-04-19,2020-10-19,11.8519204,44.3241299,RA,RA32,6.0,5.0,1.000979218801,valid,FC-RA-RN
35,2020-04-19,2020-10-19,11.4468115,44.7577221,BO,BO12,6.0,,0.223044282450223,valid,BO-FE
65,2020-04-19,2020-10-19,11.7087481,44.7963039,FE,FE02,6.0,3.0,0.048960940050049,valid,BO-FE
366,2021-02-22,2021-10-25,12.140276,44.212065,FC,FC19,9.0,5.0,3.75729880680376,valid,FC-RA-RN
37,2020-04-19,2020-10-19,11.4468115,44.7577221,BO,BO14,6.0,,0.223044282450223,valid,BO-FE
173,2020-04-19,2020-10-19,10.713018,44.6253754,RE,MO30,6.0,,21.5700141442716,valid,MO-RE
85,2020-04-19,2020-10-19,11.7371689,44.7230992,FE,FE22,6.0,0.0,6.15275813295615,valid,BO-FE
32,2020-04-19,2020-10-19,11.6487917,44.3730931,BO,BO09,6.0,10.0,3.76999238385377,valid,FC-RA-RN
188,2020-04-19,2020-10-19,11.955069,44.565121,RA,RA05,6.0,,9.00881296920901,valid,FC-RA-RN
358,2021-02-22,2021-10-25,12.0662778,44.413179,RA,FC11,9.0,5.0,0.99009900990099,valid,FC-RA-RN
448,2021-02-22,2021-10-25,11.9072736929356,44.3023801553365,RA,RA01,9.0,2.0,0.380807311500381,noisy,FC-RA-RN
164,2020-04-19,2020-10-19,11.0721866,44.6056604,MO,MO21,6.0,7.0,1.9040365575019,valid,MO-RE
491,2021-02-22,2021-10-25,11.89692,44.254613,RA,RA44,9.0,1.0,1.58669713125159,valid,FC-RA-RN
326,2021-02-22,2021-10-25,11.8292023,44.84521,FE,FE29,9.0,5.0,8.17466362020818,invalid,BO-FE
78,2020-04-19,2020-10-19,12.0028422,44.9689722,FE,FE15,6.0,5.0,2.82341420955282,valid,BO-FE
306,2021-02-22,2021-10-25,11.5190763,44.8444582,FE,FE09,9.0,5.0,1.58669713125159,invalid,BO-FE
150,2020-04-19,2020-10-19,10.9790928,44.5804986,MO,MO07,6.0,30.0,4.97225546730497,valid,MO-RE
490,2021-02-22,2021-10-25,11.897228,44.254976,RA,RA43,9.0,1.0,3.31302361005331,valid,FC-RA-RN
492,2021-02-22,2021-10-25,11.9777675,44.368545,RA,RA45,9.0,15.0,19.7638994668698,valid,FC-RA-RN
416,2021-02-22,2021-10-25,10.815642,44.575414,MO,MO19,9.0,4.0,0.977405432850977,valid,MO-RE
331,2021-02-22,2021-10-25,11.6874526,44.7461447,FE,FE34,9.0,6.0,0.342726580350343,valid,BO-FE
427,2021-02-22,2021-10-25,10.7141053164277,44.624272516763,RE,MO30,9.0,11.0,10.3960396039604,valid,MO-RE
158,2020-04-19,2020-10-19,10.9636712,44.682249,MO,MO15,6.0,32.0,14.7209226417147,valid,MO-RE
172,2020-04-19,2020-10-19,10.7050737,44.6134389,RE,MO29,6.0,11.0,22.1901860515722,valid,MO-RE
113,2020-04-19,2020-10-19,12.0263391,44.404618,RA,FC10,6.0,40.0,21.3469698618214,valid,FC-RA-RN
24,2020-04-19,2020-10-19,11.5442306,44.6481024,BO,BO01,6.0,,10.1403546948101,valid,BO-FE
184,2020-04-19,2020-10-19,11.54265,44.18085,RA,RA01,6.0,,42.5960178435426,valid,OTHER
411,2021-02-22,2021-10-25,10.9566924,44.720497,MO,MO14,9.0,5.0,1.37090632140137,valid,MO-RE
260,2021-02-22,2021-10-25,11.4472226,44.6445253,BO,BO13,9.0,16.0,4.26504188880426,valid,BO-FE
403,2021-02-22,2021-10-25,11.3307687,44.8403288,MO,MO06,9.0,2.0,0.495049504950495,valid,BO-FE
170,2020-04-19,2020-10-19,10.7911711,44.7802725,RE,MO27,6.0,,3.41094549015341,valid,MO-RE
68,2020-04-19,2020-10-19,11.6734147,44.910694,FE,FE05,6.0,16.0,11.0760526602111,valid,BO-FE
652,2021-02-22,2021-10-25,9.505522,45.01784,PC,PC03,9.0,15.0,0.0,valid,OTHER
88,2020-04-19,2020-10-19,11.8167891,44.7996655,FE,FE25,6.0,0.0,0.141442715700141,valid,BO-FE
223,2020-04-19,2020-10-19,11.9256908,44.376757,RA,RA40,6.0,,20.3405505385703,valid,FC-RA-RN
38,2020-04-19,2020-10-19,11.3658357,44.6639291,BO,BO15,6.0,1.0,0.544010445000544,valid,BO-FE
128,2020-04-19,2020-10-19,12.0315603,44.2682599,FC,FC25,6.0,8.0,1.90947666195191,valid,FC-RA-RN
456,2021-02-22,2021-10-25,11.8823729,44.4234434,RA,RA09,9.0,7.0,1.77710078700178,valid,FC-RA-RN
300,2021-02-22,2021-10-25,11.4915326,44.8799734,FE,FE03,9.0,1.0,0.46966235085047,valid,BO-FE
217,2020-04-19,2020-10-19,12.0213887,44.4009673,RA,RA34,6.0,,14.2802741812643,valid,FC-RA-RN
212,2020-04-19,2020-10-19,12.1729675,44.3515763,RA,RA29,6.0,,1.64835164835165,valid,FC-RA-RN
353,2021-02-22,2021-10-25,12.05532,44.253207,FC,FC06,9.0,7.0,0.7996953541508,valid,FC-RA-RN
328,2021-02-22,2021-10-25,11.7148862,44.7209097,FE,FE31,9.0,5.0,1.23127697385123,valid,BO-FE
256,2021-02-22,2021-10-25,11.648693,44.37309,BO,BO09,9.0,10.0,4.03655750190404,valid,FC-RA-RN
216,2020-04-19,2020-10-19,11.9203651,44.4467455,RA,RA33,6.0,,5.4999455989555,valid,FC-RA-RN
263,2021-02-22,2021-10-25,11.606579,44.365807,BO,BO16,9.0,40.0,1.15511551155116,valid,FC-RA-RN
202,2020-04-19,2020-10-19,12.0080215,44.4321667,RA,RA19,6.0,,0.152322924600152,invalid,FC-RA-RN
266,2021-02-22,2021-10-25,11.747944,44.432667,BO,BO19,9.0,2.0,0.418888042650419,valid,FC-RA-RN
144,2020-04-19,2020-10-19,11.055335,44.658671,MO,MO01,6.0,25.0,12.7135240996627,valid,MO-RE
453,2021-02-22,2021-10-25,11.8674307,44.5376775,RA,RA06,9.0,5.0,0.253871541000254,valid,FC-RA-RN
866,2022-03-21,2022-10-24,12.2946508,44.1148957,FC,FC05,12.0,20.0,,valid,FC-RA-RN
887,2022-03-21,2022-10-24,11.031469,44.268176,BO,FC26,12.0,8.0,,valid,OTHER
756,2022-03-21,2022-10-24,11.32560833,44.76657222,FE,FE41,12.0,9.0,,valid,BO-FE
807,2022-03-21,2022-10-24,11.115072,44.755466,MO,MO03,12.0,5.0,,valid,MO-RE
700,2022-03-21,2022-10-24,11.9666668,44.386703,RA,RA59,12.0,5.0,,valid,FC-RA-RN
836,2022-03-21,2022-10-24,10.7614516,44.7694733,RE,MO32,12.0,20.0,,valid,MO-RE
785,2022-03-21,2022-10-24,11.668696,44.358661,BO,BO17,12.0,30.0,,valid,FC-RA-RN
786,2022-03-21,2022-10-24,11.730519,44.362771,BO,BO18,12.0,6.0,,valid,FC-RA-RN
825,2022-03-21,2022-10-24,11.073222,44.606759,MO,MO21,12.0,7.0,,valid,MO-RE
706,2022-03-21,2022-10-24,11.931591,44.243024,RA,RA52,12.0,2.0,,valid,FC-RA-RN
838,2022-03-21,2022-10-24,10.7953679,44.8596503,RE,MO34,12.0,2.0,,valid,MO-RE
805,2022-03-21,2022-10-24,11.05533,44.658673,MO,MO01,12.0,25.0,,valid,MO-RE
815,2022-03-21,2022-10-24,10.997329,44.869332,MO,MO11,12.0,15.0,,valid,MO-RE
774,2022-03-21,2022-10-24,11.618671,44.616558,BO,BO06,12.0,5.0,,valid,BO-FE
833,2022-03-21,2022-10-24,10.704675,44.61305,RE,MO29,12.0,11.0,,valid,MO-RE
839,2022-03-21,2022-10-24,10.870787,44.882606,RE,MO35,12.0,16.0,,valid,MO-RE
834,2022-03-21,2022-10-24,10.713018,44.6253754,RE,MO30,12.0,11.0,,valid,MO-RE
812,2022-03-21,2022-10-24,11.158119,44.860548,MO,MO08,12.0,4.0,,valid,MO-RE
779,2022-03-21,2022-10-24,11.604255,44.629948,BO,BO11,12.0,5.0,,valid,BO-FE
817,2022-03-21,2022-10-24,10.960622,44.836716,MO,MO13,12.0,11.0,,valid,MO-RE
686,2022-03-21,2022-10-24,11.851967,44.324096,RA,RA32,12.0,5.0,,valid,FC-RA-RN
684,2022-03-21,2022-10-24,11.807204,44.33805,RA,RA30,12.0,4.0,,valid,FC-RA-RN
655,2022-03-21,2022-10-24,11.9072888201479,44.3023487289723,RA,RA01,12.0,30.0,,valid,FC-RA-RN
672,2022-03-21,2022-10-24,12.0161779,44.3959103,RA,RA18,12.0,5.0,,noisy,FC-RA-RN
777,2022-03-21,2022-10-24,11.6486319,44.372968,BO,BO09,12.0,10.0,,valid,FC-RA-RN
823,2022-03-21,2022-10-24,10.815558,44.575431,MO,MO19,12.0,4.0,,valid,MO-RE
705,2022-03-21,2022-10-24,11.944468,44.240721,RA,RA51,12.0,2.0,,valid,FC-RA-RN
841,2022-03-21,2022-10-24,10.857336,44.682206,MO,MO37,12.0,16.0,,valid,MO-RE
696,2022-03-21,2022-10-24,11.821125,44.538236,RA,RA60,12.0,8.0,,valid,FC-RA-RN
689,2022-03-21,2022-10-24,11.999096,44.39211,RA,RA35,12.0,1.0,,valid,FC-RA-RN
819,2022-03-21,2022-10-24,10.9635313,44.6823161,MO,MO15,12.0,32.0,,valid,MO-RE
651,2021-02-22,2021-10-25,9.7297417,45.0346193,PC,PC02,9.0,10.0,,valid,OTHER
741,2022-03-21,2022-10-24,11.649626,44.7844171,FE,FE26,12.0,10.0,,valid,BO-FE
813,2022-03-21,2022-10-24,11.10949,44.871943,MO,MO09,12.0,15.0,,valid,MO-RE
806,2022-03-21,2022-10-24,10.874319,44.72974,MO,MO02,12.0,20.0,,valid,MO-RE
885,2022-03-21,2022-10-24,12.2677576,44.1688282,FC,FC24,12.0,15.0,,valid,FC-RA-RN
868,2022-03-21,2022-10-24,12.3805762,44.1641651,FC,FC07,12.0,8.0,,valid,FC-RA-RN
880,2022-03-21,2022-10-24,12.1390685,44.2121207,FC,FC19,12.0,2.0,,valid,FC-RA-RN
333,2021-02-22,2021-10-25,11.395742,44.81079,FE,FE36,9.0,22.0,,noisy,BO-FE
189,2020-04-19,2020-10-19,11.8769396,44.5424655,RA,RA06,6.0,,,valid,FC-RA-RN
712,2022-03-21,2022-10-24,11.9341323321528,44.2893596298125,RA,RA58,12.0,5.0,,valid,FC-RA-RN
695,2022-03-21,2022-10-24,11.820792,44.538303,RA,RA57,12.0,5.0,,valid,FC-RA-RN
770,2022-03-21,2022-10-24,11.441074,44.752227,BO,BO02,12.0,16.0,,valid,BO-FE
837,2022-03-21,2022-10-24,10.778298,44.786874,RE,MO33,12.0,24.0,,valid,MO-RE
661,2022-03-21,2022-10-24,11.8783651,44.5399568,RA,RA07,12.0,15.0,,invalid,FC-RA-RN
822,2022-03-21,2022-10-24,10.895965,44.577205,MO,MO18,12.0,3.0,,valid,MO-RE
846,2022-03-21,2022-10-24,10.066894,44.8397219,PR,MO42,12.0,15.0,,valid,OTHER
690,2022-03-21,2022-10-24,11.989569,44.389646,RA,RA36,12.0,8.0,,valid,FC-RA-RN
694,2022-03-21,2022-10-24,11.926939,44.379196,RA,RA40,12.0,10.0,,valid,FC-RA-RN
863,2022-03-21,2022-10-24,12.0425006,44.2777707,FC,FC02,12.0,30.0,,noisy,FC-RA-RN
818,2022-03-21,2022-10-24,10.956756,44.720953,MO,MO14,12.0,5.0,,valid,MO-RE
820,2022-03-21,2022-10-24,11.024016,44.705514,MO,MO16,12.0,16.0,,valid,MO-RE
679,2022-03-21,2022-10-24,11.9807420548753,44.2759995022885,RA,RA25,12.0,0.0,,noisy,FC-RA-RN
775,2022-03-21,2022-10-24,11.75529,44.336518,BO,BO07,12.0,12.0,,valid,FC-RA-RN
317,2021-02-22,2021-10-25,11.4247707,44.8039094,FE,FE20,9.0,2.0,,noisy,BO-FE
701,2022-03-21,2022-10-24,11.948326,44.386017,RA,RA47,12.0,1.0,,valid,FC-RA-RN
704,2022-03-21,2022-10-24,11.818067,44.530293,RA,RA50,12.0,30.0,,valid,FC-RA-RN
755,2022-03-21,2022-10-24,11.63323056,44.77216944,FE,FE40,12.0,8.0,,valid,BO-FE
692,2022-03-21,2022-10-24,11.990133,44.3812,RA,RA38,12.0,15.0,,valid,FC-RA-RN
865,2022-03-21,2022-10-24,12.1248209,44.2006937,FC,FC04,12.0,18.0,,valid,FC-RA-RN
809,2022-03-21,2022-10-24,11.231685,44.813565,MO,MO05,12.0,5.0,,valid,BO-FE
707,2022-03-21,2022-10-24,11.9210579,44.2590151,RA,RA53,12.0,3.0,,valid,FC-RA-RN
312,2021-02-22,2021-10-25,12.0028422,44.9689722,FE,FE15,9.0,5.0,,valid,BO-FE
903,2022-03-21,2022-10-24,9.784818,45.030782,PC,PC01,12.0,15.0,,valid,OTHER
683,2022-03-21,2022-10-24,12.0221849,44.333191,RA,RA29,12.0,5.0,,invalid,FC-RA-RN
685,2022-03-21,2022-10-24,11.863103,44.320536,RA,RA31,12.0,2.0,,valid,FC-RA-RN
693,2022-03-21,2022-10-24,11.782589,44.291228,RA,RA56,12.0,5.0,,valid,FC-RA-RN
821,2022-03-21,2022-10-24,10.860948,44.67877,MO,MO17,12.0,40.0,,valid,MO-RE
313,2021-02-22,2021-10-25,11.9341221,44.9637226,FE,FE16,9.0,0.0,,invalid,BO-FE
329,2021-02-22,2021-10-25,11.8882833,44.8326291,FE,FE32,9.0,0.0,,valid,BO-FE
709,2022-03-21,2022-10-24,11.993133,44.234286,FC,FC27,12.0,5.0,,valid,FC-RA-RN
708,2022-03-21,2022-10-24,11.8668484081801,44.2339532750005,RA,RA54,12.0,10.0,,noisy,FC-RA-RN
349,2021-02-22,2021-10-25,12.0425006,44.2777707,FC,FC02,9.0,20.0,,noisy,FC-RA-RN
831,2022-03-21,2022-10-24,10.7911711,44.7802725,RE,MO27,12.0,2.0,,valid,MO-RE
811,2022-03-21,2022-10-24,10.979105,44.580484,MO,MO07,12.0,30.0,,valid,MO-RE
691,2022-03-21,2022-10-24,11.994728,44.388905,RA,RA37,12.0,3.0,,valid,FC-RA-RN
702,2022-03-21,2022-10-24,11.8290119680867,44.2627635598939,RA,RA48,12.0,1.0,,noisy,FC-RA-RN
844,2022-03-21,2022-10-24,10.3600262,44.8755398,PR,MO40,12.0,5.0,,valid,OTHER
835,2022-03-21,2022-10-24,10.740957,44.758622,RE,MO31,12.0,8.0,,valid,MO-RE
826,2022-03-21,2022-10-24,10.990222,44.775181,MO,MO22,12.0,6.0,,valid,MO-RE
658,2022-03-21,2022-10-24,11.8739653006307,44.4908896973773,RA,RA04,12.0,5.0,,valid,FC-RA-RN
845,2022-03-21,2022-10-24,10.2112197,44.836502,PR,MO41,12.0,15.0,,valid,OTHER
778,2022-03-21,2022-10-24,11.447751,44.755979,BO,BO10,12.0,10.0,,valid,BO-FE
42,2020-04-19,2020-10-19,11.7247896,44.4381481,BO,BO19,6.0,,,valid,FC-RA-RN
715,2022-03-21,2022-10-24,11.8082863456884,44.3449061967277,RA,RA61,12.0,20.0,,valid,FC-RA-RN
862,2022-03-21,2022-10-24,12.016743,44.251545,FC,FC01,12.0,12.0,,valid,FC-RA-RN
713,2022-03-21,2022-10-24,11.9507961376495,44.2702865624408,RA,RA46,12.0,5.0,,invalid,FC-RA-RN
830,2022-03-21,2022-10-24,10.8495501,44.9006889,RE,MO26,12.0,16.0,,valid,MO-RE
840,2022-03-21,2022-10-24,11.030749,44.710539,MO,MO36,12.0,30.0,,valid,MO-RE
769,2022-03-21,2022-10-24,11.545205,44.648823,BO,BO01,12.0,8.0,,valid,BO-FE
904,2022-03-21,2022-10-24,9.729884,45.034522,PC,PC02,12.0,25.0,,valid,OTHER
311,2021-02-22,2021-10-25,11.8698468,44.8095546,FE,FE14,9.0,0.0,,invalid,BO-FE
888,2022-03-21,2022-10-24,11.9677578,44.2649718,RA,RA55,12.0,2.0,,valid,FC-RA-RN
810,2022-03-21,2022-10-24,11.330713,44.840268,MO,MO06,12.0,2.0,,valid,BO-FE
814,2022-03-21,2022-10-24,11.068011,44.831487,MO,MO10,12.0,16.0,,valid,MO-RE
754,2022-03-21,2022-10-24,11.59654444,44.71597222,FE,FE39,12.0,5.0,,valid,BO-FE
780,2022-03-21,2022-10-24,11.409847,44.759425,BO,BO12,12.0,7.0,,valid,BO-FE
668,2022-03-21,2022-10-24,12.039146,44.431495,RA,RA14,12.0,40.0,,noisy,FC-RA-RN
905,2022-03-21,2022-10-24,9.505617,45.017796,PC,PC03,12.0,25.0,,valid,OTHER
771,2022-03-21,2022-10-24,11.421705,44.725685,BO,BO03,12.0,9.0,,valid,BO-FE
864,2022-03-21,2022-10-24,12.006047,44.247429,FC,FC03,12.0,13.0,,valid,FC-RA-RN
884,2022-03-21,2022-10-24,12.0242133,44.2523146,FC,FC23,12.0,7.0,,valid,FC-RA-RN
824,2022-03-21,2022-10-24,11.090623,44.543234,MO,MO20,12.0,20.0,,valid,MO-RE
776,2022-03-21,2022-10-24,11.764268,44.383871,BO,BO08,12.0,3.0,,valid,FC-RA-RN
787,2022-03-21,2022-10-24,11.765036,44.387736,BO,BO19,12.0,5.0,,valid,FC-RA-RN
784,2022-03-21,2022-10-24,11.606577,44.365935,BO,BO16,12.0,40.0,,valid,FC-RA-RN
757,2022-03-21,2022-10-24,11.30200556,44.77083333,FE,FE42,12.0,4.0,,valid,BO-FE
773,2022-03-21,2022-10-24,11.661306,44.638632,BO,BO05,12.0,10.0,,valid,BO-FE
308,2021-02-22,2021-10-25,11.6331738,44.8378845,FE,FE11,9.0,25.0,,valid,BO-FE
808,2022-03-21,2022-10-24,11.028246,44.630873,MO,MO04,12.0,6.0,,valid,MO-RE
832,2022-03-21,2022-10-24,10.8138395,44.7152998,RE,MO28,12.0,5.0,,valid,MO-RE
772,2022-03-21,2022-10-24,11.39006,44.767018,BO,BO04,12.0,8.0,,valid,BO-FE
